ID,matched_score
1,0.7891018879471887
2,0.6465683377890945
3,0.5578684697850194
4,0.5179620823225133
5,0.6785844535893756
6,0.7003948253545088
7,0.6832453581083313
8,0.7205312326784483
9,0.5625999214084201
10,0.7099752319672472
11,0.6412851951009723
12,0.8351527664759639
13,0.709622504264633
14,0.3726268621621882
15,0.38211739992880006
16,0.7126970074215159
17,0.6901281282545076
18,0.6645292861313054
19,0.7316798566286997
20,0.8378960816106263
21,0.6604628175293958
22,0.5894654468679156
23,0.5726303318613061
24,0.6834031130195224
25,0.8922385500292798
26,0.7428330191042546
27,0.6005636744179342
28,0.704906304876436
29,0.48545087792578423
30,0.7684797363112403
31,0.6897534331319102
32,0.6982931002184133
33,0.8231060590115546
34,0.471620235064294
35,0.7693206708700111
36,0.7079822657125499
37,0.8268457985337757
38,0.6021572680495448
39,0.5661284604171928
40,0.7621264901851571
41,0.6831420954661257
42,0.7563093185175938
43,0.800684569165618
44,0.4609205316064284
45,0.7573440996483112
46,0.7681725163483535
47,0.6151940027408273
48,0.6918127215213703
49,0.494650088065301
50,0.518476172602137
51,0.8058805309465916
52,0.7234584426651753
53,0.6872623016964828
54,0.8413385441706922
55,0.681553975470717
56,0.5605278626529503
57,0.821712072496538
58,0.6113069532894886
59,0.5706949951138716
60,0.4192457368519432
61,0.7568795471860905
62,0.775857216299464
63,0.7498973818781018
64,0.4577530509760842
65,0.5973695072723063
66,0.6761741405285906
67,0.6037067638407746
68,0.7432173086617082
69,0.7973242688364083
70,0.6751803053460094
71,0.7555883015208569
72,0.7139153375508411
73,0.5262338930759808
74,0.8122574573063699
75,0.702802894225828
76,0.6504592002733466
77,0.4271975871739511
78,0.4774472972569398
79,0.8261568059690114
80,0.4031748216393983
81,0.6156938244381248
82,0.54461058155494
83,0.7062634409646726
84,0.560807793336023
85,0.4493202045315659
86,0.623205565270383
87,0.5906682620236781
88,0.5958508320123238
89,0.7723891735845703
90,0.7291194972011448
91,0.7314033124227929
92,0.5459207281693422
93,0.6810000229970196
94,0.566009141734963
95,0.5213965706970822
96,0.7326543130129946
97,0.7713342397474877
98,0.6286805762799916
99,0.7044536776659498
100,0.7205151824703973
101,0.7100433283640322
102,0.42865630365904384
103,0.7482687688187113
104,0.5133960158211772
105,0.8155826919697791
106,0.4361282264541624
107,0.7290142254618647
108,0.725494621175081
109,0.6820439880851258
110,0.5383480140231832
111,0.6537441337193179
112,0.7190968246000105
113,0.7020594904751114
114,0.7740417147497503
115,0.6272497945054695
116,0.7886534781618215
117,0.6829952782254883
118,0.8429264934183145
119,0.7930163294601538
120,0.7333704957237743
121,0.5635296794523803
122,0.7605486014450586
123,0.7116632452140805
124,0.8248041748206859
125,0.7509841881614028
126,0.774077890176162
127,0.6659030266276582
128,0.4041650627585879
129,0.6379347808622478
130,0.5298674419310968
131,0.7184649276557711
132,0.5940008155004067
133,0.5909219540043361
134,0.6901391451939546
135,0.804861246583651
136,0.40257461104931735
137,0.7740194333807799
138,0.7075887390789228
139,0.7374328991444526
140,0.6464468377008995
141,0.3170622523308737
142,0.7507074541521385
143,0.735862037433535
144,0.7961536183782065
145,0.7694014159905334
146,0.697454137902426
147,0.7352536981404301
148,0.6671638919707256
149,0.5306713146613673
150,0.7676668609127212
151,0.6347501205740622
152,0.7939250485834234
153,0.6677009797586091
154,0.5642175375731551
155,0.5924712827226126
156,0.7380479576807235
157,0.45485555666652994
158,0.4762955931030314
159,0.7859508851636411
160,0.40871891485864476
161,0.8415534626350686
162,0.6052708076645977
163,0.7273633093241593
164,0.42450532183645207
165,0.784406545392472
166,0.41390682685785063
167,0.3682534304683056
168,0.7803816103978712
169,0.8018204572793994
170,0.7115633303066017
171,0.7773786821152056
172,0.7903184270401054
173,0.8518076332720017
174,0.6378010673318238
175,0.5552147774536623
176,0.7170774143434249
177,0.7802056438604319
178,0.5801485691985546
179,0.7698224698950575
180,0.7302928186160018
181,0.8459061064132294
182,0.800918787869517
183,0.42509938148111265
184,0.5607016696132539
185,0.6972136086663954
186,0.6578798661933213
187,0.6823742894793141
188,0.786348997907031
189,0.7511990153055477
190,0.8553355579230912
191,0.8122126742591
192,0.7677202651883941
193,0.631652670163408
194,0.4324041121044651
195,0.8531525753782616
196,0.7596643662836959
197,0.5797109642628517
198,0.849616324709403
199,0.8432990101640285
200,0.5779196444293673
201,0.6862063277612758
202,0.6321798240064257
203,0.7838971751061271
204,0.8523440123045792
205,0.7778471310445382
206,0.7406883336266872
207,0.7029297468046465
208,0.5908265252861342
209,0.6282453360897992
210,0.3596269752307466
211,0.7770744948758808
212,0.46008685248950026
213,0.7349519657539247
214,0.8200705054410546
215,0.6508925525652285
216,0.7315686706548834
217,0.5176848865239315
218,0.6906081969086242
219,0.7207722590920727
220,0.6371388731547581
221,0.6978805881775196
222,0.5651497931926822
223,0.6806556518340126
224,0.5437628746118716
225,0.8400757551070223
226,0.7068388345443248
227,0.7493208982310239
228,0.6428790016698616
229,0.7452483477162546
230,0.7600875049296697
231,0.5717998564735677
232,0.6015874256724127
233,0.3672628533718767
234,0.7073575373641277
235,0.8508204470114025
236,0.435435187000355
237,0.5776088631490724
238,0.6605206734809785
239,0.7406627021733965
240,0.6380530321591391
241,0.7882724972030031
242,0.5139295898679758
243,0.4599352600890952
244,0.5582035929147956
245,0.7509148302211035
246,0.6301057867535426
247,0.6597832575677288
248,0.67799085601073
249,0.6680825370408168
250,0.6725927827367902
251,0.6822422461705194
252,0.6751563240685774
253,0.6440116789351134
254,0.7297692780824324
255,0.7673968356160923
256,0.7755120390758369
257,0.615377499703611
258,0.7376305584787117
259,0.7724595181769378
260,0.6957833953032406
261,0.6207434268343767
262,0.6461522124159498
263,0.6788746464160447
264,0.41758145148870646
265,0.7664439084003244
266,0.6910153287706511
267,0.734013455924338
268,0.7022393853515422
269,0.7149512668644491
270,0.6704766291539219
271,0.7244532869969829
272,0.7298768604899741
273,0.6310629933560895
274,0.5386389645202095
275,0.725024776955167
276,0.7516648382844306
277,0.6702111656770866
278,0.5891216825690454
279,0.7931484461723484
280,0.7488010341077551
281,0.460410876275712
282,0.7258502808348513
283,0.6377474796920989
284,0.6411341864016281
285,0.6843786638286389
286,0.6426815615356889
287,0.6137017285686241
288,0.7403838373076154
289,0.6940573823791404
290,0.6945642510132719
291,0.7288860949022047
292,0.7424466482039196
293,0.5757457407860972
294,0.6529561085913226
295,0.6422464416090425
296,0.6583003216005139
297,0.8500092031297539
298,0.8280952251431226
299,0.6020205243009554
300,0.6590460831635963
301,0.7674932182621972
302,0.7555707714963338
303,0.7269320084418287
304,0.31531507738476694
305,0.753299061413549
306,0.3223060951808329
307,0.8222594088139241
308,0.8058641519422852
309,0.6741801273627033
310,0.6390962929930026
311,0.6892634584903166
312,0.7199257373417922
313,0.7976251299671925
314,0.6885415763107412
315,0.625136706554497
316,0.7296888637822332
317,0.7718057981742349
318,0.4727563398678338
319,0.6799392138386734
320,0.7977261428913183
321,0.7246838917111532
322,0.7832682317440189
323,0.4262969778284712
324,0.784863234885363
325,0.6393764512484532
326,0.7103137406965419
327,0.5796632085394775
328,0.8191230785564525
329,0.7453380045238223
330,0.6752122384692392
331,0.7210103076202499
332,0.840620597554652
333,0.3422253209086004
334,0.785120308219975
335,0.6667586810319912
336,0.43954428901369136
337,0.5103624188372649
338,0.6508826400497749
339,0.7935345236864048
340,0.4807789259841462
341,0.7858247443319256
342,0.6011976498563765
343,0.7978426488521528
344,0.49608531202013095
345,0.7996643778320421
346,0.7346317530385214
347,0.7803009565717659
348,0.7077844609616011
349,0.776449167782968
350,0.5973353480005483
351,0.4953565185042692
352,0.44422435180943476
353,0.8563018535983937
354,0.6997705530282524
355,0.716971506967479
356,0.7866679108760837
357,0.48915933671205686
358,0.730972811360111
359,0.6610984189844952
360,0.6576968019289839
361,0.8723902244097435
362,0.6464451570653611
363,0.7938217394910678
364,0.6512677007740628
365,0.65891930512718
366,0.6134858750704265
367,0.696042711032063
368,0.8117422398172005
369,0.5070084533146058
370,0.6305694732768017
371,0.42837757408882987
372,0.6125856335722111
373,0.7685941730504608
374,0.6520937300052785
375,0.6793360396087316
376,0.6965102576710366
377,0.7169283816277838
378,0.7889721037780386
379,0.710646387257495
380,0.3724561090222629
381,0.5653671766178884
382,0.6279063655398311
383,0.7611581427097602
384,0.5143776291299276
385,0.7602541534977354
386,0.8461436885152986
387,0.8654430745047815
388,0.665361025255093
389,0.8280880827442954
390,0.6672857042110854
391,0.49752684496700594
392,0.7016227447677682
393,0.6454084286082473
394,0.5546241059376333
395,0.6885919084299572
396,0.5595071098834319
397,0.6815400943370826
398,0.46440608254471305
399,0.7128139001449615
400,0.7637266356971979
401,0.6584281164985055
402,0.6534092270839583
403,0.6032587600415737
404,0.6091616330084754
405,0.5715947525295297
406,0.7418402168809395
407,0.5549686173010232
408,0.660683101641563
409,0.791918718139753
410,0.7457702711880275
411,0.8545802875357267
412,0.7792678571972826
413,0.6676325766139002
414,0.8483256361291762
415,0.3351567972564038
416,0.5568277720326669
417,0.6669309005217415
418,0.7391861209969502
419,0.8172776154057437
420,0.5161836362779202
421,0.4690100375460107
422,0.42000030589716886
423,0.7482884032860802
424,0.4126870772668253
425,0.5976105105381792
426,0.7483285259554986
427,0.7608238261278961
428,0.5067849434169761
429,0.5299973324901465
430,0.8035737857694951
431,0.7481603920301364
432,0.5308359131463336
433,0.6769612183831124
434,0.6753368463495852
435,0.6356502265743249
436,0.8536938244044955
437,0.5091514982398626
438,0.7521176718920208
439,0.6236923432223062
440,0.5513142086880367
441,0.5533883864255985
442,0.563651632391794
443,0.7513217480528936
444,0.4353702503011405
445,0.6840308638135416
446,0.5871441913280536
447,0.7893899485017537
448,0.7691137496965098
449,0.5162763970286751
450,0.6877676623539568
451,0.36835596652440017
452,0.6603519401839268
453,0.6790062658740148
454,0.6210422756358481
455,0.83830828018033
456,0.7190356138615732
457,0.496651074081627
458,0.7644473110051797
459,0.6922725857106412
460,0.8264517041220112
461,0.5304010612934095
462,0.4370105811016118
463,0.4796360388658166
464,0.5177719568523106
465,0.6909179197940142
466,0.473293751154366
467,0.8305915832199721
468,0.6481717108267104
469,0.7666741816493103
470,0.7454935131058607
471,0.7152151931344854
472,0.6401469128332371
473,0.8015168030096855
474,0.6017221217750501
475,0.3943329978276997
476,0.6976981443155765
477,0.6020206834751505
478,0.46931152768498474
479,0.7382356144015136
480,0.6942553468320893
481,0.4610396394305356
482,0.7669836767834375
483,0.735606526734605
484,0.7205447100180906
485,0.4637557354800748
486,0.5496616162582728
487,0.7348894454177494
488,0.6219438532501504
489,0.6421906786923315
490,0.8032595451099227
491,0.6228131450291512
492,0.6402809974434149
493,0.7131776446661786
494,0.7496849089116959
495,0.6721225512505891
496,0.5527539311480968
497,0.6715780109463649
498,0.678802427880961
499,0.6888320707485296
500,0.7779270910079017
501,0.7725795844996503
502,0.7220663688583697
503,0.6081462097414372
504,0.5712242731667362
505,0.7809203814916372
506,0.7401635321716415
507,0.6128075418739133
508,0.6426995860075931
509,0.7661359122033539
510,0.6702628677869842
511,0.7575687743870145
512,0.750468753342185
513,0.7213369743599297
514,0.5700169906809188
515,0.5575220468442039
516,0.7252013505265762
517,0.49535478403224015
518,0.7249907450741256
519,0.8030759647393872
520,0.6652774930128565
521,0.7564233740903412
522,0.6390584553417338
523,0.8459102976910221
524,0.824695554572701
525,0.8083639124201785
526,0.4032245156014106
527,0.6927552606286662
528,0.7232732121866436
529,0.7259004866304555
530,0.6815328303038131
531,0.5306377127492851
532,0.40090675884270294
533,0.571678752966655
534,0.6883164344918793
535,0.609305618525229
536,0.6932346689165044
537,0.7320843751592173
538,0.6401899525169668
539,0.641804338991087
540,0.7767693220681351
541,0.6401445400768038
542,0.8510543102308085
543,0.6003141790685534
544,0.5710604211601346
545,0.7055430979165596
546,0.8379571861666428
547,0.5519831862302481
548,0.7608210151337804
549,0.7196804895338645
550,0.7598457434897141
551,0.7471106674654305
552,0.8079325147178397
553,0.73256135488899
554,0.3996253197739009
555,0.6438809494526003
556,0.7814888309214499
557,0.7892516599003253
558,0.7491362486875595
559,0.5835801830124434
560,0.4525366924219233
561,0.46042253775982944
562,0.8335293505817118
563,0.6590221124031976
564,0.5736452878429164
565,0.725489197524454
566,0.7588970336278635
567,0.7230929885252348
568,0.45088634362878754
569,0.4072986672120237
570,0.6663285960813815
571,0.7370351555602221
572,0.4313040148878061
573,0.8338055469850149
574,0.5897037946157367
575,0.6822921063057752
576,0.5089032966423843
577,0.7747852492996739
578,0.5628304102646066
579,0.49690798782576806
580,0.47387487629500213
581,0.7483584274841306
582,0.7207675132769085
583,0.7156650116258194
584,0.7073879362412325
585,0.6615868463813908
586,0.5728824372948084
587,0.8315804386743646
588,0.657939992410567
589,0.6530667710472113
590,0.6464338388980166
591,0.8714725103290692
592,0.7678811192963592
593,0.4092292694917282
594,0.700542415650715
595,0.6311261722760846
596,0.7035107947239029
597,0.45005861881145937
598,0.4318858544722338
599,0.6536083252509228
600,0.7759955354381798
601,0.7075083939413294
602,0.8400929268023211
603,0.3951690403989999
604,0.8524679203210959
605,0.6867235159434881
606,0.7910477474348965
607,0.729338642850063
608,0.6272655908969835
609,0.5322145515256641
610,0.599280932249295
611,0.596552725023295
612,0.8257250946999437
613,0.8014603639851803
614,0.8907584797029646
615,0.8077458795720568
616,0.7631309942226332
617,0.7106841604866942
618,0.5642297343246927
619,0.7089426913103964
620,0.4601129427547799
621,0.7999139573512846
622,0.5795166533734453
623,0.6169415751399927
624,0.8674099017386723
625,0.40803416616584237
626,0.7179173420537306
627,0.5686198444284347
628,0.3875493768890354
629,0.6173063363971873
630,0.7667486246372721
631,0.4481846646335018
632,0.6913765330849784
633,0.7417784656302668
634,0.5744186693016415
635,0.40117063896019844
636,0.5656153373207504
637,0.5029787558677435
638,0.776870592146591
639,0.35191001754341095
640,0.6929352008815701
641,0.7810041014515801
642,0.6968572098654316
643,0.793924967207011
644,0.6480521724722266
645,0.4377766910156313
646,0.6347636228534977
647,0.767744979745981
648,0.7350054210500099
649,0.5914839854893013
650,0.5606416074650935
651,0.35906761197022297
652,0.789455519013053
653,0.4671138366112997
654,0.6620199595060925
655,0.46687616009773264
656,0.6976273836269657
657,0.6118817694522508
658,0.4312040757251028
659,0.5887624032182877
660,0.6432564750010659
661,0.4965546620282487
662,0.695436388427527
663,0.8263557486736426
664,0.7514461128521581
665,0.7176908676219229
666,0.735384290772263
667,0.7414775769639863
668,0.7994351564199672
669,0.7891449648270091
670,0.7183937057170386
671,0.7775487641262655
672,0.7434182963562301
673,0.7687758785609846
674,0.5990429638467909
675,0.6764849631261773
676,0.6325726372330582
677,0.7997444141837823
678,0.7921743533816311
679,0.7461473945780733
680,0.8370321027990978
681,0.8259362960104881
682,0.7178718097869301
683,0.8674141092283032
684,0.6336796868021399
685,0.8428253511246631
686,0.6710362836615386
687,0.7584164950596108
688,0.5177365738576212
689,0.7978132230789041
690,0.5279266922561074
691,0.5750837223987548
692,0.5778677800016566
693,0.4161343795448642
694,0.7708219769762538
695,0.6327693864976218
696,0.8329675285342728
697,0.8095298060715608
698,0.7162465856231677
699,0.6750178817774957
700,0.8144197123710526
701,0.37157565119786423
702,0.731745139492635
703,0.7949903101063025
704,0.5705415144263153
705,0.7796976078331117
706,0.4348793013399256
707,0.6801298305670949
708,0.606014337984596
709,0.7736013665333192
710,0.6928377256641041
711,0.6703361673658796
712,0.7298656910551232
713,0.6333163494370275
714,0.8116693090646061
715,0.448019469091701
716,0.7749331479725854
717,0.7141269039002912
718,0.7147061493194486
719,0.7329863359820321
720,0.7883204004382013
721,0.5439455354467111
722,0.7542357923952866
723,0.6315878824963341
724,0.8142288968835621
725,0.5322478904133375
726,0.7550632582353796
727,0.6474034982058441
728,0.5457639186724531
729,0.7025798199298576
730,0.7236969975488429
731,0.7518630703453713
732,0.5717220087839504
733,0.8833594662976427
734,0.8590325422169098
735,0.5591315443425675
736,0.4390715671845348
737,0.5600863297475744
738,0.6728912181890454
739,0.39726138847025194
740,0.7162950109273374
741,0.6635493308463112
742,0.7125003370766749
743,0.4904432962823708
744,0.8715201487643351
745,0.373275000087057
746,0.7162016906401504
747,0.6948817477814337
748,0.6255082163680694
749,0.4193534222079562
750,0.8454770351067292
751,0.3889496365115944
752,0.8059420762414597
753,0.6690088358610693
754,0.7760840518473942
755,0.7046653701158834
756,0.5904698981578863
757,0.5957516731482726
758,0.4884378188845644
759,0.6233863709849221
760,0.7873866859813635
761,0.7355868045815847
762,0.7209028080410705
763,0.4559146082915682
764,0.7096336017340379
765,0.5670997001510458
766,0.6756963037893873
767,0.7298194821141293
768,0.7165012185063271
769,0.6872562421910103
770,0.38800389506416755
771,0.4949722363382827
772,0.7001739109214267
773,0.7772928154316822
774,0.7318119045332544
775,0.5393523024467001
776,0.4933926897618277
777,0.8476425868670655
778,0.4943120901085313
779,0.3983612041988438
780,0.533044546052732
781,0.5827268039016749
782,0.6722221436555836
783,0.7041290006983139
784,0.6965625376790286
785,0.6992462745927999
786,0.7055819513324185
787,0.7733159340162467
788,0.7595328642119251
789,0.6566751139970521
790,0.5569294188914155
791,0.7849054436872095
792,0.7331765101742272
793,0.8410405221016028
794,0.5469297916398698
795,0.45109848561269533
796,0.6243617035869431
797,0.6646511114187048
798,0.7171322091273303
799,0.8308530848832905
800,0.8513479357331721
801,0.7224506599218489
802,0.7287357988445754
803,0.34339203813571045
804,0.8203934721367812
805,0.6550753689469604
806,0.8508348708907605
807,0.37300334848086336
808,0.8087631161302242
809,0.6765519480955642
810,0.5580284664017328
811,0.6677649874938714
812,0.7629733920734242
813,0.6402257149860286
814,0.7478737235256689
815,0.7460737777445059
816,0.5751858939499569
817,0.4418611140247307
818,0.8002951225468715
819,0.3433836684571513
820,0.8519892784229952
821,0.4798267245327854
822,0.5589579076007919
823,0.7004718639690877
824,0.6453470192078749
825,0.8354988737203995
826,0.8260449763755008
827,0.43859414187234413
828,0.463018220773196
829,0.7144094634916826
830,0.5934516100217285
831,0.7126047201820827
832,0.6475400646387783
833,0.366840259180819
834,0.8142651546497282
835,0.5049001448109213
836,0.6969088141595539
837,0.641192545569766
838,0.40477551464828304
839,0.8309443515289043
840,0.6347274420974471
841,0.7060199415133532
842,0.5921327940505694
843,0.7434387853768383
844,0.6177911818162056
845,0.5200566197114992
846,0.8019271492043263
847,0.30722931127176767
848,0.8505046276222682
849,0.6939473238992125
850,0.7778287384922141
851,0.7750148697647525
852,0.7367754036611135
853,0.49916947546207313
854,0.6747051738705474
855,0.79032699696409
856,0.3886231694672627
857,0.8146185804627439
858,0.7208307082491638
859,0.831196285973852
860,0.7272698368405289
861,0.7888014455334666
862,0.8472657477686403
863,0.42197250729773517
864,0.7202367721537211
865,0.5492801101980778
866,0.6422034894661848
867,0.7681827769791398
868,0.7308961384981434
869,0.40334757702315077
870,0.796490695450133
871,0.7386907423037516
872,0.5268268894933521
873,0.6578662233448768
874,0.7549201163271375
875,0.6833477803730138
876,0.6916297855995558
877,0.390921829660941
878,0.3530714790785483
879,0.6946568271652387
880,0.7724189213481525
881,0.830276214856374
882,0.7617371732762469
883,0.806167029250025
884,0.7578523616696831
885,0.6728984365348549
886,0.6585784453796328
887,0.6588373205041169
888,0.7600613180545563
889,0.40329731120104684
890,0.5994722964455579
891,0.7354895758371651
892,0.8557977984462057
893,0.4716142169126501
894,0.7707047083632692
895,0.7981645318845945
896,0.7674630192364553
897,0.6177324000379065
898,0.5422426011035785
899,0.5191460372682075
900,0.4163871294529169
901,0.791744770013631
902,0.8336635722686498
903,0.38545406011150607
904,0.6959008253914039
905,0.7342905377007649
906,0.6565221814120843
907,0.745399330044109
908,0.6730528256848215
909,0.5388612704282785
910,0.8384759739257418
911,0.5825998618924724
912,0.6982996305318816
913,0.5634960503418605
914,0.40965225182203546
915,0.8037838637867418
916,0.6878401059466679
917,0.7268050974810034
918,0.4133202226657808
919,0.6652495152911383
920,0.6513592297188029
921,0.6246502729178376
922,0.7299342572861249
923,0.6829951895672757
924,0.7310295107441978
925,0.3140948875825911
926,0.3959299528133179
927,0.5335474932742859
928,0.5614019372023098
929,0.7480666244152196
930,0.5421638533279142
931,0.7144455584902321
932,0.744898583001592
933,0.8574402381472588
934,0.7750564483697602
935,0.6816473127390337
936,0.6122689608362973
937,0.6597585106791537
938,0.7855792279040621
939,0.43249905753024664
940,0.47392773909765207
941,0.6924108049304324
942,0.7459514916170509
943,0.8061056871828548
944,0.7044491574523559
945,0.7467230621582854
946,0.479406464339119
947,0.7150406838945416
948,0.4303051118203851
949,0.7944667055719419
950,0.7722484289272558
951,0.7794327322064986
952,0.6750795965875788
953,0.7087903815310996
954,0.706231271487518
955,0.6915095649357726
956,0.7929416574211106
957,0.7377064465841732
958,0.6473083591305911
959,0.7625878755976505
960,0.7393285428470904
961,0.6318894611366817
962,0.7808539987380919
963,0.39828609653181474
964,0.6934177009579237
965,0.7186742376095615
966,0.43082649122622474
967,0.8096306713156447
968,0.6331832720828842
969,0.8329174570752933
970,0.6798403317437638
971,0.5358737905949372
972,0.8359936117927702
973,0.623799135578007
974,0.5214542934688635
975,0.5910962976214607
976,0.7127805993021403
977,0.813557798531801
978,0.5012635005574425
979,0.7380335219531717
980,0.6494905219750988
981,0.6686800191345821
982,0.7710544998998657
983,0.5766483986185036
984,0.7451788162433348
985,0.7510229264373385
986,0.40302950790064085
987,0.6294563144634323
988,0.5261277290923472
989,0.650742935404649
990,0.4571413166653599
991,0.8309614701636102
992,0.6290412680042442
993,0.789947041781554
994,0.5402325804702786
995,0.4078206660213806
996,0.6357193889422723
997,0.6625428211084456
998,0.6501774561146998
999,0.7910026194798425
1000,0.7179726379800153
1001,0.8332348683812099
1002,0.710635812237464
1003,0.6980776795290469
1004,0.6342963595136691
1005,0.6697234416880427
1006,0.4451221324375423
1007,0.7924920890444523
1008,0.5255397466993255
1009,0.5343654277795657
1010,0.8326412312336997
1011,0.5362091766042111
1012,0.8301680403909772
1013,0.3694260808605644
1014,0.35134014048034506
1015,0.8345368668271171
1016,0.6291778379685581
1017,0.5037451775815573
1018,0.8263124805870181
1019,0.7121924768613892
1020,0.7974034392541689
1021,0.5748999739589916
1022,0.6865074470262025
1023,0.7119215339505175
1024,0.6968342509267031
1025,0.7562750463546385
1026,0.6281202191631532
1027,0.6976584808755711
1028,0.5103236803571769
1029,0.7080021187310268
1030,0.7908149292493503
1031,0.625611562112472
1032,0.37201383144232036
1033,0.5780527032545711
1034,0.6408528204679407
1035,0.5192334268648441
1036,0.6091131909739873
1037,0.3272175657163263
1038,0.748879082830827
1039,0.7467467301264774
1040,0.7455641118715343
1041,0.6071684306732482
1042,0.6327325788576569
1043,0.6852436770338267
1044,0.6513422616737683
1045,0.8519347774088957
1046,0.7814540816149843
1047,0.8103153572621765
1048,0.7648557623825516
1049,0.7327382982277627
1050,0.7825820700577932
1051,0.6119976596701748
1052,0.7283591792712187
1053,0.6992920575256044
1054,0.3948900377846768
1055,0.7540800327959325
1056,0.601533890273834
1057,0.6564400406220268
1058,0.6667645973418571
1059,0.5528016592224937
1060,0.5148516557764906
1061,0.710953541159417
1062,0.7723316661669888
1063,0.581585354160913
1064,0.3970328408270478
1065,0.7365405812235568
1066,0.8009923795322267
1067,0.5354744922365403
1068,0.7347316579197957
1069,0.5701122198558066
1070,0.4437503617855901
1071,0.43994309315630425
1072,0.5304098957870017
1073,0.6581153509210256
1074,0.6175901642031302
1075,0.7410748112128271
1076,0.6516008680232244
1077,0.5783490374799081
1078,0.5206691492385348
1079,0.7372927897488653
1080,0.7232149424724676
1081,0.3981753271759229
1082,0.7797708470009512
1083,0.6937949981435078
1084,0.8230182187976374
1085,0.47140241322356047
1086,0.44435210936508546
1087,0.5609971982230674
1088,0.658251925026767
1089,0.5910805308322491
1090,0.7442057207147966
1091,0.6210580158186675
1092,0.6829778663284166
1093,0.6923955911443083
1094,0.42943096691985183
1095,0.7515028234094249
1096,0.758567761401429
1097,0.8108203156667697
1098,0.7780449041950068
1099,0.7854970756479656
1100,0.5868349312463271
1101,0.3715006875447878
1102,0.586459386280616
1103,0.4636564950463759
1104,0.4224437039112089
1105,0.6492036626835135
1106,0.40619591894406104
1107,0.7827598973324895
1108,0.8555861004705554
1109,0.8130548131310588
1110,0.827031796792846
1111,0.37855034654511366
1112,0.7314946094445055
1113,0.6305996647150456
1114,0.6569775515937135
1115,0.39029607542326333
1116,0.6291894577795228
1117,0.6684558463845492
1118,0.4519646600493162
1119,0.7888528486074402
1120,0.45164653156025136
1121,0.7001022304419537
1122,0.7262411814565675
1123,0.5766901259056684
1124,0.5038803908139773
1125,0.7234872590920162
1126,0.44419479024638653
1127,0.692246232944871
1128,0.7207750060274534
1129,0.4704753588582234
1130,0.8778734716490593
1131,0.6109980714517587
1132,0.7263220834218374
1133,0.5120583039957429
1134,0.6252428216014105
1135,0.34315459322858005
1136,0.6983054891770162
1137,0.6670398080412786
1138,0.6624135779442116
1139,0.49531054576195827
1140,0.6657096849014714
1141,0.4662136411530823
1142,0.7418234799230177
1143,0.6606618713087433
1144,0.6406851250858288
1145,0.7418868866432191
1146,0.7505305282809781
1147,0.8250597148483736
1148,0.6760951681280446
1149,0.45952734461758765
1150,0.6191087937037832
1151,0.6040210688439065
1152,0.732032358437616
1153,0.41947052005506136
1154,0.6762527298608534
1155,0.6858000085299759
1156,0.5158111153496469
1157,0.7745188333438284
1158,0.4448315256925884
1159,0.6161652949685233
1160,0.4361627226771643
1161,0.7413878121331295
1162,0.740673028607876
1163,0.3083390422598176
1164,0.7225961083555172
1165,0.6859617390158927
1166,0.7687497541006111
1167,0.524195053086008
1168,0.6718746437942742
1169,0.2751326615753923
1170,0.6495400948375781
1171,0.7386898918269756
1172,0.6559337712687332
1173,0.38946443803720554
1174,0.6017982306403004
1175,0.5851326533905846
1176,0.5093558314169832
1177,0.7245776523619405
1178,0.5948474372410142
1179,0.8414445935505487
1180,0.6136312887564632
1181,0.8550459695096779
1182,0.6635788599329489
1183,0.8221343380344246
1184,0.5644194213705205
1185,0.5483597501240992
1186,0.47602209818618935
1187,0.6766916518307902
1188,0.8432150984990207
1189,0.6617873265135233
1190,0.6510724984348939
1191,0.6422337483267373
1192,0.7396431454293431
1193,0.5889060386206634
1194,0.7294868734418796
1195,0.7339099474341026
1196,0.6903478329641792
1197,0.7875337678310778
1198,0.7358390883750497
1199,0.6364613121857422
1200,0.6073080368630133
1201,0.8223461404799214
1202,0.734121182670165
1203,0.8162738350014547
1204,0.8050706377616788
1205,0.576716792098433
1206,0.5764206997674379
1207,0.7460443700555689
1208,0.4054282089022937
1209,0.826397125030029
1210,0.7003912623200742
1211,0.7106099865910881
1212,0.7083591216927683
1213,0.5935045317491491
1214,0.8238105205485424
1215,0.7438423884379494
1216,0.5994600638768226
1217,0.6741247132981224
1218,0.7544780701079601
1219,0.46960020402594926
1220,0.5281789300676226
1221,0.6009349798129268
1222,0.7824209045143291
1223,0.6504526820776101
1224,0.25328005377985163
1225,0.5560031242433586
1226,0.46449376555314514
1227,0.4278454350884493
1228,0.713173995383915
1229,0.564789305012632
1230,0.7488666459207618
1231,0.8264002142560972
1232,0.4387131916987748
1233,0.6987069042635798
1234,0.49446507146280194
1235,0.7103480813516301
1236,0.6413820450739907
1237,0.8399982905531349
1238,0.8482860571463746
1239,0.5087202304441625
1240,0.69768249431877
1241,0.37611250613342406
1242,0.7769998581989915
1243,0.7081861716560858
1244,0.5825504849383966
1245,0.7324483985969532
1246,0.8368282236346498
1247,0.7968722303989172
1248,0.5894722597436969
1249,0.3813273795867278
1250,0.4809827638414258
1251,0.7523961654614065
1252,0.8337096673683153
1253,0.813916782050393
1254,0.8540658064178152
1255,0.722439528604971
1256,0.8193989258524144
1257,0.6270034689821827
1258,0.34640024437615635
1259,0.5758324773025794
1260,0.3367421899618236
1261,0.5659795335575794
1262,0.8225713742053316
1263,0.7788519864204719
1264,0.76371234292711
1265,0.7428495454003382
1266,0.5916014873172339
1267,0.6801186513632306
1268,0.7643846715491937
1269,0.6454703088243892
1270,0.660127479024455
1271,0.7298603106053186
1272,0.6673575551076939
1273,0.4496674529567034
1274,0.7150593456813513
1275,0.5862958389024013
1276,0.7676784399583566
1277,0.6566153193944533
1278,0.4630030382130093
1279,0.5492322832724978
1280,0.7718886934284656
1281,0.8216630357188774
1282,0.615835157476917
1283,0.500164936172636
1284,0.5973884176805963
1285,0.7884687735569416
1286,0.7153345665162274
1287,0.6824185396099751
1288,0.8029159999494146
1289,0.7323746722314647
1290,0.5888235160720756
1291,0.7135131136035234
1292,0.6635362232667182
1293,0.6441013426487227
1294,0.6071265297561735
1295,0.7788717589879881
1296,0.664948152340654
1297,0.6554477183467617
1298,0.7869527592961082
1299,0.6910306677349989
1300,0.7505704639703286
1301,0.6710213052241581
1302,0.8152892241113534
1303,0.6164232836326005
1304,0.847362879955585
1305,0.6226807489762782
1306,0.6263508361459178
1307,0.3565110770205447
1308,0.7410872947378688
1309,0.8166077745582567
1310,0.6841764838093651
1311,0.7450374793001673
1312,0.637871041065216
1313,0.7182988605421279
1314,0.627525780435218
1315,0.7482575124550427
1316,0.6491811956475413
1317,0.6230225809418701
1318,0.597328353585444
1319,0.7211021603155365
1320,0.5190295496254144
1321,0.7906766186730863
1322,0.5599934240010245
1323,0.6453000745300287
1324,0.7644915122630394
1325,0.7572792401359555
1326,0.8425302273094984
1327,0.3596526910522791
1328,0.2817563754759499
1329,0.6754154343472311
1330,0.7062139149499795
1331,0.7976135520567661
1332,0.47532389737125824
1333,0.5658907210270375
1334,0.7527577929141351
1335,0.6416264700525358
1336,0.4935505176445821
1337,0.741153132471994
1338,0.7919800974147293
1339,0.7607606320675513
1340,0.5224726572932272
1341,0.7838442151195406
1342,0.7456783460705552
1343,0.4545453112168646
1344,0.7173052829876445
1345,0.820843712436058
1346,0.38495811508016187
1347,0.7614822576804259
1348,0.6475684418838827
1349,0.6860163155916624
1350,0.4765639790683502
1351,0.6479983283580352
1352,0.5807555136891677
1353,0.8552496884444308
1354,0.7953835870190432
1355,0.7873435315565962
1356,0.3732006866544525
1357,0.6572545670039329
1358,0.4784624991963538
1359,0.6687885150482392
1360,0.6234047393599623
1361,0.7895561896354651
1362,0.5737219906972885
1363,0.6429862905323521
1364,0.8041522669089367
1365,0.5886142915428306
1366,0.6785433181311946
1367,0.7149585928559223
1368,0.6594952483371752
1369,0.7911327951453972
1370,0.7375823098119769
1371,0.692538408931937
1372,0.5615593740241235
1373,0.6534298174119423
1374,0.6564488862869089
1375,0.6712393575107758
1376,0.7488183183553196
1377,0.7988459772061355
1378,0.40723755944627554
1379,0.6223847104620277
1380,0.5805952431737202
1381,0.7564533494394812
1382,0.7081824282279285
1383,0.7404094079708972
1384,0.6042232325629395
1385,0.7086388605481755
1386,0.7777517647023744
1387,0.7724171380052663
1388,0.8131894127731698
1389,0.7308210851284647
1390,0.6697227837860071
1391,0.5709362088214754
1392,0.7632131604144425
1393,0.7730785755440367
1394,0.38100656622203477
1395,0.6099885623736446
1396,0.7051761850667687
1397,0.39960232204189616
1398,0.756444093734459
1399,0.8058573663111265
1400,0.8110096678127947
1401,0.8281964532740198
1402,0.38196500169173575
1403,0.7775136942008751
1404,0.3720613586475512
1405,0.4957600651749946
1406,0.8155392948436866
1407,0.7492044729760486
1408,0.8388139706818852
1409,0.3503442899792648
1410,0.7019069495017997
1411,0.7595967991945815
1412,0.4753147061102164
1413,0.839002747674259
1414,0.6867789330901368
1415,0.8142659645026937
1416,0.7976756675942325
1417,0.8038260747327496
1418,0.6600516764399016
1419,0.42394906597251975
1420,0.7902480021254878
1421,0.6315551928000105
1422,0.859302906669295
1423,0.6813774338995761
1424,0.6323578793980713
1425,0.38650876210180274
1426,0.8636603011809151
1427,0.3686309993491357
1428,0.5700186157393875
1429,0.3919939337776037
1430,0.2660658364159587
1431,0.7171087020387229
1432,0.7392884888617598
1433,0.3943791864113976
1434,0.5762483444282406
1435,0.5926739577333264
1436,0.7119311544121315
1437,0.8210318729125337
1438,0.7323269228828576
1439,0.8465703275540475
1440,0.6936523690748951
1441,0.53208429405837
1442,0.6359837834729681
1443,0.675861086086033
1444,0.7677930770174626
1445,0.614046622613268
1446,0.6725557620656759
1447,0.5198210356770991
1448,0.8322173962843866
1449,0.5190557677132788
1450,0.728831641059226
1451,0.7777868646308265
1452,0.7301815557742743
1453,0.6882872637413433
1454,0.3715066402987318
1455,0.6770548055830301
1456,0.8108645818925003
1457,0.8861923561332415
1458,0.7429009983731439
1459,0.7135950897039717
1460,0.413682071048614
1461,0.6384928866852401
1462,0.6548968102681385
1463,0.30521228307526505
1464,0.5769739478674372
1465,0.6155795896575278
1466,0.7722922239590992
1467,0.6591704458877607
1468,0.6046794922606593
1469,0.6930509366772062
1470,0.841408909395374
1471,0.7287129400535606
1472,0.7292989430205358
1473,0.4079198199162263
1474,0.7783468708174325
1475,0.6003414285764562
1476,0.8248953475267901
1477,0.8063494317227102
1478,0.5999419642722462
1479,0.615797184089475
1480,0.5932983692046728
1481,0.8576241042800983
1482,0.6989510425962036
1483,0.7220732066797091
1484,0.7114781901741202
1485,0.5080988640955928
1486,0.586205880979262
1487,0.7154219116052725
1488,0.7711141695784719
1489,0.5441252662866995
1490,0.6575147579821486
1491,0.7879819076454417
1492,0.6841997775514531
1493,0.764707862772877
1494,0.6511221593661123
1495,0.6072533371134211
1496,0.570555083688391
1497,0.7018313751210491
1498,0.7633492525983556
1499,0.6649627509179392
1500,0.6523593742384675
1501,0.7333780565193015
1502,0.7403901959106036
1503,0.634678385858853
1504,0.5768824588178345
1505,0.7674474663949713
1506,0.6341765423490062
1507,0.5078468056414365
1508,0.6700191377079696
1509,0.7476385858602141
1510,0.7680101222767708
1511,0.7184448575966629
1512,0.6652080336729012
1513,0.8196496421144517
1514,0.7160661209270095
1515,0.44288856931080667
1516,0.38011150500715707
1517,0.6971384904844727
1518,0.5325716490456959
1519,0.6792724823475784
1520,0.5529569464139923
1521,0.674591764404514
1522,0.4089075651360923
1523,0.6011653314333454
1524,0.43672477753986794
1525,0.6636998781564661
1526,0.6512295413542666
1527,0.6144772395714073
1528,0.43429527819842517
1529,0.8549196545180162
1530,0.6620209105109296
1531,0.7231164945843923
1532,0.6927411373771171
1533,0.5320003284861203
1534,0.6331817963297907
1535,0.6277903249126486
1536,0.7606163244008459
1537,0.8222468411594692
1538,0.703629829271023
1539,0.3455606730007859
1540,0.5534190448840882
1541,0.7869802209381989
1542,0.39187186061146667
1543,0.56555573762391
1544,0.6417540637447496
1545,0.878529621666494
1546,0.6533278119034598
1547,0.7867896020010727
1548,0.37708219777803953
1549,0.7232589724068141
1550,0.6950448692089548
1551,0.4531337146643607
1552,0.8249669668908197
1553,0.7286835059558577
1554,0.6395072608620405
1555,0.5190203790882515
1556,0.696343923446147
1557,0.7457075932355887
1558,0.602828754270286
1559,0.7837747895829843
1560,0.7839185944098215
1561,0.6039656017738486
1562,0.7583392278196194
1563,0.5998613506206378
1564,0.7518682350605674
1565,0.40651348918554786
1566,0.6950665401777105
1567,0.7108594659988189
1568,0.6421994538074841
1569,0.8001848421276422
1570,0.560740939873117
1571,0.3659102083407112
1572,0.5659898642809267
1573,0.8200552069669796
1574,0.5353258695668379
1575,0.527033746802241
1576,0.7388212959937989
1577,0.8359475218788639
1578,0.7789277612957207
1579,0.7791434926648924
1580,0.7799949220012641
1581,0.8391737391506524
1582,0.29628896199732746
1583,0.7235456829949283
1584,0.74706603213515
1585,0.8053026138854938
1586,0.6677955918482681
1587,0.7791889005555589
1588,0.44254392386608177
1589,0.5161682994026234
1590,0.7544224775472378
1591,0.559731112234618
1592,0.4712288822389633
1593,0.6724419992231614
1594,0.781445457449327
1595,0.7011213045064868
1596,0.8296343821922971
1597,0.6315770662672008
1598,0.7933995710974663
1599,0.4597251418028996
1600,0.5971533657411149
1601,0.4219907923877436
1602,0.7577226337157401
1603,0.657702167407757
1604,0.7140421568851623
1605,0.5729599742787684
1606,0.6311382381878633
1607,0.6757587906044704
1608,0.5616551861987576
1609,0.647758880498121
1610,0.6438100452595497
1611,0.6460837430623486
1612,0.4795074346761232
1613,0.7595218011984106
1614,0.4058424918282266
1615,0.6864036197857788
1616,0.5540502532078464
1617,0.6415003774406587
1618,0.6523777718438738
1619,0.7562213169433689
1620,0.7530245195924263
1621,0.41671508883132946
1622,0.5808345012107494
1623,0.7580827391814936
1624,0.7925444097680199
1625,0.49288308289191307
1626,0.8753470312486049
1627,0.8614395117585704
1628,0.39602974533319585
1629,0.83732068236888
1630,0.6853854912140159
1631,0.627250618942067
1632,0.7183709255203914
1633,0.7607743991840614
1634,0.792997052055477
1635,0.49770408029189267
1636,0.7758796727243134
1637,0.5030669198510722
1638,0.6226211991774145
1639,0.8031820524296647
1640,0.691543288368117
1641,0.7327228064662512
1642,0.6800993902443405
1643,0.6952958512689206
1644,0.4026799953421259
1645,0.7159126320856244
1646,0.6484824836397807
1647,0.28933686187960517
1648,0.6705575590344737
1649,0.4793799406579075
1650,0.7281655975494132
1651,0.7529132898109852
1652,0.7999746558821206
1653,0.6235299956114437
1654,0.6442639299991831
1655,0.6358677242775003
1656,0.4494829370394594
1657,0.3858710980447707
1658,0.4338017381922801
1659,0.762452762767819
1660,0.650733899519454
1661,0.6849634303962323
1662,0.5320243532399157
1663,0.6825202038019091
1664,0.5398217818088458
1665,0.375817209585001
1666,0.7978937206720811
1667,0.3567610177682401
1668,0.5571002991167414
1669,0.5491058293450656
1670,0.6362179190337992
1671,0.6380767504864742
1672,0.7499017739346943
1673,0.7723648219281605
1674,0.4031678060306546
1675,0.6502304055851167
1676,0.797975756136682
1677,0.6230902109092306
1678,0.6498458787108824
1679,0.815982535808847
1680,0.826095158002883
1681,0.7703252760469109
1682,0.710564011233596
1683,0.6325092392049089
1684,0.7104768991074195
1685,0.5408290473266093
1686,0.7489070772175015
1687,0.5737285372476216
1688,0.448999255200338
1689,0.6221729568964333
1690,0.812335337547635
1691,0.7355181322187917
1692,0.8089967343017972
1693,0.503543158534163
1694,0.8162512621240614
1695,0.45483107027178976
1696,0.6319491446051457
1697,0.7750055691706941
1698,0.744240163536856
1699,0.5911132713139596
1700,0.46618837449618544
1701,0.6162394413424598
1702,0.73325474330514
1703,0.5027902822802863
1704,0.6974737839624682
1705,0.746481170642177
1706,0.5750309916753121
1707,0.5469345356617663
1708,0.4029925395026066
1709,0.44400916946539637
1710,0.7705785980180399
1711,0.6319528368729178
1712,0.6184458998630047
1713,0.6774893002805185
1714,0.7798761233023982
1715,0.6295825945457355
1716,0.7378550331739411
1717,0.766762417849689
1718,0.43048761130119384
1719,0.5787501134063849
1720,0.7931842071086479
1721,0.7688610313067297
1722,0.46338392955005697
1723,0.6564322608342752
1724,0.6429662641747025
1725,0.7926085408981722
1726,0.691234390770499
1727,0.7614223653736861
1728,0.6846040860213551
1729,0.8318112453885202
1730,0.4303967384728925
1731,0.8073787118605387
1732,0.37036549746421565
1733,0.7603250409812689
1734,0.7438408970267463
1735,0.682328094201398
1736,0.6476044647117071
1737,0.7434151726167999
1738,0.7682259517464265
1739,0.5806958971097497
1740,0.7738379847039751
1741,0.5585265824148052
1742,0.6489441163781728
1743,0.6817066895915768
1744,0.5792407611077759
1745,0.6558574441863307
1746,0.461853355571219
1747,0.461189882283985
1748,0.8479555562689932
1749,0.35781281116893215
1750,0.6016343682844025
1751,0.8163247509073249
1752,0.7335768534292075
1753,0.6506993336570848
1754,0.2951864633315032
1755,0.7347632957230856
1756,0.6716802864761096
1757,0.7004991756095154
1758,0.7916133277594106
1759,0.7180388641130124
1760,0.7747889836880915
1761,0.5974173860059748
1762,0.7621784026431815
1763,0.7736422124436555
1764,0.6019431068598109
1765,0.6062336840993618
1766,0.8603218141307283
1767,0.6335232865210937
1768,0.7168013731598799
1769,0.37228531549853183
1770,0.7152050525461722
1771,0.566366936447587
1772,0.6786320737140432
1773,0.3468238494269572
1774,0.7325060961895471
1775,0.30084014134575804
1776,0.7384162826077107
1777,0.7531211459619437
1778,0.7288982345309807
1779,0.7886701756128333
1780,0.7373185050718534
1781,0.6077848680423004
1782,0.49382940754680804
1783,0.6461893537569309
1784,0.7055531556319034
1785,0.6472057030179279
1786,0.7692106139244071
1787,0.7777494491296261
1788,0.3458582103390241
1789,0.6390567296231098
1790,0.3689877553627891
1791,0.5978366185219182
1792,0.8494856431245077
1793,0.7080777028296925
1794,0.7404292581575345
1795,0.7084363707194881
1796,0.735601250672955
1797,0.7673699185988889
1798,0.6924665441219149
1799,0.8300486071739693
1800,0.709527725063267
1801,0.7000328692419038
1802,0.654979501633403
1803,0.6638783265820418
1804,0.7189566724876155
1805,0.7355257563771869
1806,0.8674914846352648
1807,0.7136924024168945
1808,0.774271390017371
1809,0.8230690387097832
1810,0.7910163677288444
1811,0.6812756964787028
1812,0.8596738386564031
1813,0.931840854350783
1814,0.8031339351925639
1815,0.7910509311775282
1816,0.7165616113810199
1817,0.6911766665811853
1818,0.7751632311916195
1819,0.7388395752225839
1820,0.7984970060227752
1821,0.4264177428027794
1822,0.5842989601274845
1823,0.6173489590409375
1824,0.3770903265563739
1825,0.54245068044049
1826,0.5868379902686278
1827,0.6518343191452478
1828,0.6947972339107163
1829,0.5433259369132825
1830,0.6182976585588105
1831,0.5929320746949723
1832,0.7718285981467929
1833,0.32339471763483163
1834,0.5846109588051448
1835,0.6793250240574932
1836,0.692033157453245
1837,0.5142921735402182
1838,0.3607509092507992
1839,0.4829245334631776
1840,0.7854617139150231
1841,0.6999301255786403
1842,0.1647179797631468
1843,0.8465971796097067
1844,0.7483838805968694
1845,0.5903838596694456
1846,0.39379742745972796
1847,0.6461780484632431
1848,0.6691131351037929
1849,0.3561930492716424
1850,0.6856443007247887
1851,0.6985860882642481
1852,0.7948142698433039
1853,0.6349951715811172
1854,0.6619517722882591
1855,0.6194574588891736
1856,0.7680457226395334
1857,0.7338348624407766
1858,0.7415977527522319
1859,0.663532720597215
1860,0.6821030846391836
1861,0.7739897774038278
1862,0.7626492945701425
1863,0.7211187975978568
1864,0.6595819945488322
1865,0.44444410059866596
1866,0.35008239275989594
1867,0.45218508763938625
1868,0.660160798242103
1869,0.8562233926344172
1870,0.6165126513977989
1871,0.4925858724152882
1872,0.7652048188216471
1873,0.6573688229977235
1874,0.8259503469794394
1875,0.559755597934658
1876,0.6210726633414259
1877,0.6575002562259042
1878,0.765653146616533
1879,0.6796678683389308
1880,0.36716262212378714
1881,0.8286515900701354
1882,0.8112046744895132
1883,0.5112675793087461
1884,0.7497997936137026
1885,0.3460089674258692
1886,0.6922859381003708
1887,0.6094833932509958
1888,0.6682742691315987
1889,0.8154779859899361
1890,0.8100611049826056
1891,0.721842626566942
1892,0.5280978121102655
1893,0.6639769104302422
1894,0.7960637226726338
1895,0.5540518714548267
1896,0.7045472465595585
1897,0.726116740267489
1898,0.5001660408638233
1899,0.5684830921312369
1900,0.7476543959931384
1901,0.6786820819707362
1902,0.4277772617723755
1903,0.5124898818616456
1904,0.754320650320683
1905,0.6328312094883333
1906,0.715352474911827
1907,0.5891458036844079
1908,0.6565330586282435
1909,0.6384913924259101
